instrument_name,strike,tipo,vencimento,mark_iv,mark_price_btc,underlying_price,best_bid,best_ask,open_interest,volume_24h,delta,gamma,vega,theta
BTC-6OCT26-75000-C,75000.0,CALL,2026-10-06 08:00:00+00:00,52.74,0.1254,85756.99,0.1235,0.127,0.0,0.0,1.0,0.0,0.00035,-0.00855
BTC-6OCT26-75000-P,75000.0,PUT,2026-10-06 08:00:00+00:00,52.74,0.0,85755.68,0.0,0.0001,0.0,0.0,0.0,0.0,0.00035,-0.00077
BTC-6OCT26-76000-C,76000.0,CALL,2026-10-06 08:00:00+00:00,52.74,0.1137,85756.99,0.1115,0.1155,0.0,0.0,0.99999,0.0,0.00271,-0.06555
BTC-6OCT26-76000-P,76000.0,PUT,2026-10-06 08:00:00+00:00,52.74,0.0,85756.99,0.0,0.0001,3.6,0.0,-1e-05,0.0,0.00271,-0.0071
BTC-6OCT26-77000-C,77000.0,CALL,2026-10-06 08:00:00+00:00,52.61,0.1021,85756.99,0.1,0.104,0.0,0.0,0.99992,0.0,0.01587,-0.38286
BTC-6OCT26-77000-P,77000.0,PUT,2026-10-06 08:00:00+00:00,52.61,0.0,85756.99,0.0,0.0001,1.7,1.0,-8e-05,0.0,0.01587,-0.05029
BTC-6OCT26-78000-C,78000.0,CALL,2026-10-06 08:00:00+00:00,52.36,0.0904,85755.68,0.0885,0.0925,0.0,0.0,0.99956,0.0,0.07382,-1.77259
BTC-6OCT26-78000-P,78000.0,PUT,2026-10-06 08:00:00+00:00,52.36,0.0,85756.99,0.0,0.0001,33.2,25.6,-0.00044,0.0,0.07369,-0.28533
BTC-6OCT26-79000-C,79000.0,CALL,2026-10-06 08:00:00+00:00,52.3,0.0788,85756.99,0.0765,0.0805,0.0,0.0,0.99804,0.0,0.29109,-6.98211
BTC-6OCT26-79000-P,79000.0,PUT,2026-10-06 08:00:00+00:00,52.3,0.0,85756.99,0.0,0.0001,3.8,0.6,-0.00196,0.0,0.29109,-1.41706
BTC-6OCT26-80000-C,80000.0,CALL,2026-10-06 08:00:00+00:00,52.2,0.0671,85756.99,0.065,0.069,0.0,0.0,0.99286,1e-05,0.92963,-22.25393
BTC-6OCT26-80000-P,80000.0,PUT,2026-10-06 08:00:00+00:00,52.2,0.0001,85756.99,0.0,0.0001,131.5,0.3,-0.00714,1e-05,0.92963,-5.80218
BTC-6OCT26-81000-C,81000.0,CALL,2026-10-06 08:00:00+00:00,47.72,0.0555,85755.68,0.0535,0.0575,0.0,0.0,0.98612,2e-05,1.65992,-36.32351
BTC-6OCT26-81000-P,81000.0,PUT,2026-10-06 08:00:00+00:00,47.72,0.0001,85756.99,0.0,0.0003,14.2,16.4,-0.01386,2e-05,1.65781,-11.04771
BTC-6OCT26-81500-C,81500.0,CALL,2026-10-06 08:00:00+00:00,44.98,0.0498,85756.99,0.0475,0.052,0.0,0.0,0.98139,2e-05,2.13505,-44.04464
BTC-6OCT26-81500-P,81500.0,PUT,2026-10-06 08:00:00+00:00,44.98,0.0002,85756.99,0.0001,0.0003,21.4,23.3,-0.01861,2e-05,2.13505,-14.49001
BTC-6OCT26-82000-C,82000.0,CALL,2026-10-06 08:00:00+00:00,43.37,0.044,85756.99,0.042,0.046,0.0,0.0,0.97141,3e-05,3.06374,-60.92962
BTC-6OCT26-82000-P,82000.0,PUT,2026-10-06 08:00:00+00:00,43.37,0.0003,85755.68,0.0001,0.0004,5.6,2.5,-0.02863,3e-05,3.06745,-22.67659
BTC-6OCT26-82500-C,82500.0,CALL,2026-10-06 08:00:00+00:00,41.67,0.0383,85756.99,0.036,0.0405,0.0,0.0,0.95651,5e-05,4.32238,-82.60036
BTC-6OCT26-82500-P,82500.0,PUT,2026-10-06 08:00:00+00:00,41.67,0.0004,85756.99,0.0003,0.0005,24.6,8.8,-0.04349,5e-05,4.32238,-35.232
BTC-6OCT26-83000-C,83000.0,CALL,2026-10-06 08:00:00+00:00,39.16,0.0327,85756.99,0.0305,0.0345,0.0,0.0,0.9379,7e-05,5.7357,-103.01512
BTC-6OCT26-83000-P,83000.0,PUT,2026-10-06 08:00:00+00:00,39.16,0.0006,85756.99,0.0005,0.0007,173.1,107.3,-0.0621,7e-05,5.7357,-50.08993
BTC-6OCT26-83500-C,83500.0,CALL,2026-10-06 08:00:00+00:00,36.86,0.0271,85755.68,0.025,0.029,0.0,0.0,0.90876,9e-05,7.68854,-129.97175
BTC-6OCT26-83500-P,83500.0,PUT,2026-10-06 08:00:00+00:00,36.86,0.0009,85755.68,0.0007,0.001,45.1,16.6,-0.09124,9e-05,7.68854,-74.19858
BTC-6OCT26-84000-C,84000.0,CALL,2026-10-06 08:00:00+00:00,35.12,0.0218,85755.68,0.0195,0.024,0.0,0.0,0.86157,0.00013,10.35215,-166.71216
BTC-6OCT26-84000-P,84000.0,PUT,2026-10-06 08:00:00+00:00,35.12,0.0014,85755.68,0.0012,0.0014,29.9,8.6,-0.13843,0.00013,10.35215,-117.25286
BTC-6OCT26-84500-C,84500.0,CALL,2026-10-06 08:00:00+00:00,34.28,0.0169,85756.99,0.0155,0.0185,9.5,7.2,0.78744,0.00018,13.60419,-213.85206
BTC-6OCT26-84500-P,84500.0,PUT,2026-10-06 08:00:00+00:00,34.28,0.0023,85756.99,0.0021,0.0026,56.9,55.7,-0.21256,0.00018,13.60419,-196.74918
BTC-6OCT26-85000-C,85000.0,CALL,2026-10-06 08:00:00+00:00,33.85,0.0126,85755.68,0.012,0.0135,5.8,5.1,0.68711,0.00022,16.60167,-257.71816
BTC-6OCT26-85000-P,85000.0,PUT,2026-10-06 08:00:00+00:00,33.85,0.0038,85755.68,0.0036,0.004,111.1,88.3,-0.31289,0.00022,16.60167,-257.71816
BTC-6OCT26-85500-C,85500.0,CALL,2026-10-06 08:00:00+00:00,34.63,0.0091,85755.68,0.0085,0.0095,5.7,4.0,0.5664,0.00024,18.43843,-292.86491
BTC-6OCT26-85500-P,85500.0,PUT,2026-10-06 08:00:00+00:00,34.63,0.0062,85755.68,0.0055,0.0065,54.2,54.5,-0.4336,0.00024,18.43843,-292.86491
BTC-6OCT26-86000-C,86000.0,CALL,2026-10-06 08:00:00+00:00,35.22,0.0063,85756.99,0.006,0.0065,29.1,22.6,0.44536,0.00024,18.52263,-299.14722
BTC-6OCT26-86000-P,86000.0,PUT,2026-10-06 08:00:00+00:00,35.22,0.0092,85755.68,0.0085,0.0095,31.3,31.0,-0.55495,0.00024,18.52032,-299.10994
BTC-6OCT26-86500-C,86500.0,CALL,2026-10-06 08:00:00+00:00,36.53,0.0044,85755.68,0.0041,0.0045,84.2,63.8,0.33618,0.00021,17.0985,-286.42452
BTC-6OCT26-86500-P,86500.0,PUT,2026-10-06 08:00:00+00:00,36.53,0.0131,85756.99,0.012,0.0135,13.6,14.2,-0.66354,0.00021,17.10429,-286.52152
BTC-6OCT26-87000-C,87000.0,CALL,2026-10-06 08:00:00+00:00,37.8,0.003,85755.68,0.0027,0.0031,50.0,33.8,0.24604,0.00018,14.76751,-255.25052
BTC-6OCT26-87000-P,87000.0,PUT,2026-10-06 08:00:00+00:00,37.8,0.0175,85756.99,0.0155,0.0195,0.0,0.0,-0.75373,0.00018,14.77524,-256.11945
BTC-6OCT26-87500-C,87500.0,CALL,2026-10-06 08:00:00+00:00,39.19,0.002,85756.99,0.0018,0.0022,41.1,33.0,0.17654,0.00014,12.14906,-172.45116
BTC-6OCT26-87500-P,87500.0,PUT,2026-10-06 08:00:00+00:00,39.19,0.0224,85756.99,0.0205,0.024,27.0,0.0,-0.82346,0.00014,12.14906,-218.36464
BTC-6OCT26-88000-C,88000.0,CALL,2026-10-06 08:00:00+00:00,40.55,0.0013,85756.99,0.0011,0.0015,57.1,37.2,0.12429,0.00011,9.60989,-115.44136
BTC-6OCT26-88000-P,88000.0,PUT,2026-10-06 08:00:00+00:00,40.55,0.0276,85756.99,0.026,0.029,14.0,14.0,-0.87571,0.00011,9.60989,-178.72554
BTC-6OCT26-88500-C,88500.0,CALL,2026-10-06 08:00:00+00:00,41.81,0.0009,85756.99,0.0007,0.001,17.0,28.7,0.0859,8e-05,7.35114,-76.21681
BTC-6OCT26-88500-P,88500.0,PUT,2026-10-06 08:00:00+00:00,41.81,0.0329,85756.99,0.031,0.0355,0.0,0.0,-0.9141,8e-05,7.35114,-140.94922
BTC-6OCT26-89000-C,89000.0,CALL,2026-10-06 08:00:00+00:00,42.87,0.0006,85756.99,0.0004,0.0007,21.6,18.4,0.05791,6e-05,5.43008,-49.08826
BTC-6OCT26-89000-P,89000.0,PUT,2026-10-06 08:00:00+00:00,42.87,0.0384,85756.99,0.0365,0.041,0.0,0.0,-0.94209,6e-05,5.43008,-106.75286
BTC-6OCT26-89500-C,89500.0,CALL,2026-10-06 08:00:00+00:00,44.64,0.0004,85755.68,0.0003,0.0005,20.9,0.3,0.04096,4e-05,4.11777,-34.27063
BTC-6OCT26-89500-P,89500.0,PUT,2026-10-06 08:00:00+00:00,44.64,0.0441,85755.68,0.042,0.0465,0.0,0.0,-0.95904,4e-05,4.11777,-84.29197
BTC-6OCT26-90000-C,90000.0,CALL,2026-10-06 08:00:00+00:00,45.45,0.0002,85756.99,0.0001,0.0003,46.8,20.3,0.02671,3e-05,2.89501,-21.37632
BTC-6OCT26-90000-P,90000.0,PUT,2026-10-06 08:00:00+00:00,45.45,0.0498,85756.99,0.0475,0.0525,0.0,0.0,-0.97329,3e-05,2.89501,-60.34569
BTC-6OCT26-91000-C,91000.0,CALL,2026-10-06 08:00:00+00:00,50.52,0.0002,85755.68,0.0,0.0002,48.1,22.6,0.01633,2e-05,1.90959,-13.74094
BTC-6OCT26-91000-P,91000.0,PUT,2026-10-06 08:00:00+00:00,50.52,0.0613,85755.82,0.059,0.064,0.0,0.0,-0.98366,2e-05,1.90983,-44.24386
BTC-6OCT26-92000-C,92000.0,CALL,2026-10-06 08:00:00+00:00,50.69,0.0001,85755.82,0.0,0.0002,17.2,8.0,0.00582,1e-05,0.77527,-4.39936
BTC-6OCT26-92000-P,92000.0,PUT,2026-10-06 08:00:00+00:00,50.69,0.0729,85755.68,0.0715,0.0745,7.8,0.0,-0.99418,1e-05,0.77515,-18.01969
BTC-6OCT26-93000-C,93000.0,CALL,2026-10-06 08:00:00+00:00,50.72,0.0,85755.68,0.0,0.0001,1.0,0.0,0.0018,0.0,0.26963,-1.22869
BTC-6OCT26-93000-P,93000.0,PUT,2026-10-06 08:00:00+00:00,50.72,0.0845,85755.82,0.083,0.086,7.7,0.0,-0.9982,0.0,0.26968,-6.2726
BTC-6OCT26-94000-C,94000.0,CALL,2026-10-06 08:00:00+00:00,50.72,0.0,85755.82,0.0,0.0001,3.5,1.0,0.00049,0.0,0.0814,-0.30362
BTC-6OCT26-94000-P,94000.0,PUT,2026-10-06 08:00:00+00:00,50.72,0.0961,85755.82,0.094,0.099,0.0,0.0,-0.99951,0.0,0.0814,-1.89331
BTC-6OCT26-95000-C,95000.0,CALL,2026-10-06 08:00:00+00:00,50.72,0.0,85755.68,0.0,0.0002,30.1,0.0,0.00012,0.0,0.02149,-0.0668
BTC-6OCT26-95000-P,95000.0,PUT,2026-10-06 08:00:00+00:00,50.72,0.1078,85755.68,0.1055,0.1105,0.0,0.0,-0.99988,0.0,0.02149,-0.49978
BTC-6OCT26-96000-C,96000.0,CALL,2026-10-06 08:00:00+00:00,50.72,0.0,85755.68,0.0,0.0001,0.1,0.0,2e-05,0.0,0.00498,-0.01311
BTC-6OCT26-96000-P,96000.0,PUT,2026-10-06 08:00:00+00:00,50.72,0.1194,85755.68,0.117,0.122,0.0,0.0,-0.99998,0.0,0.00498,-0.11592
BTC-6OCT26-97000-C,97000.0,CALL,2026-10-06 08:00:00+00:00,50.72,0.0,85755.68,0.0,0.0001,0.0,0.0,0.0,0.0,0.00102,-0.0023
BTC-6OCT26-97000-P,97000.0,PUT,2026-10-06 08:00:00+00:00,50.72,0.1311,85755.68,0.129,0.134,0.0,0.0,-1.0,0.0,0.00102,-0.02372
BTC-7OCT26-75000-C,75000.0,CALL,2026-10-07 08:00:00+00:00,60.37,0.1257,85776.77,0.1235,0.1275,0.0,0.0,0.99847,0.0,0.32257,-4.65827
BTC-7OCT26-75000-P,75000.0,PUT,2026-10-07 08:00:00+00:00,60.37,0.0,85776.77,0.0,0.0001,0.0,0.0,-0.00153,0.0,0.32257,-1.73586
BTC-7OCT26-76000-C,76000.0,CALL,2026-10-07 08:00:00+00:00,60.36,0.114,85776.77,0.112,0.116,0.0,0.0,0.99623,0.0,0.72876,-10.52165
BTC-7OCT26-76000-P,76000.0,PUT,2026-10-07 08:00:00+00:00,60.36,0.0001,85776.77,0.0,0.0002,1.0,1.0,-0.00377,0.0,0.72876,-4.60787
BTC-7OCT26-77000-C,77000.0,CALL,2026-10-07 08:00:00+00:00,60.22,0.1024,85776.77,0.1,0.104,0.0,0.0,0.99161,1e-05,1.484,-21.3771
BTC-7OCT26-77000-P,77000.0,PUT,2026-10-07 08:00:00+00:00,60.22,0.0001,85776.77,0.0,0.0003,0.1,0.1,-0.00839,1e-05,1.484,-11.07156
BTC-7OCT26-78000-C,78000.0,CALL,2026-10-07 08:00:00+00:00,57.95,0.0909,85776.77,0.0885,0.0925,0.0,0.0,0.98571,1e-05,2.35799,-32.68465
BTC-7OCT26-78000-P,78000.0,PUT,2026-10-07 08:00:00+00:00,57.95,0.0002,85776.56,0.0,0.0003,5.4,0.1,-0.01429,1e-05,2.35827,-19.23262
BTC-7OCT26-79000-C,79000.0,CALL,2026-10-07 08:00:00+00:00,50.42,0.0792,85776.77,0.077,0.081,0.0,0.0,0.98522,1e-05,2.42763,-29.28126
BTC-7OCT26-79000-P,79000.0,PUT,2026-10-07 08:00:00+00:00,50.42,0.0002,85776.77,0.0001,0.0004,8.5,0.5,-0.01478,1e-05,2.42763,-17.34855
BTC-7OCT26-80000-C,80000.0,CALL,2026-10-07 08:00:00+00:00,46.58,0.0676,85776.77,0.0655,0.0695,0.0,0.0,0.97702,2e-05,3.53472,-39.38081
BTC-7OCT26-80000-P,80000.0,PUT,2026-10-07 08:00:00+00:00,46.58,0.0003,85776.77,0.0002,0.0005,0.3,0.3,-0.02298,2e-05,3.53472,-26.28832
BTC-7OCT26-81000-C,81000.0,CALL,2026-10-07 08:00:00+00:00,43.06,0.0562,85776.77,0.054,0.058,0.0,0.0,0.96202,3e-05,5.36225,-55.23256
BTC-7OCT26-81000-P,81000.0,PUT,2026-10-07 08:00:00+00:00,43.06,0.0005,85776.56,0.0004,0.0007,4.7,7.6,-0.03798,3e-05,5.36295,-43.03752
BTC-7OCT26-81500-C,81500.0,CALL,2026-10-07 08:00:00+00:00,41.36,0.0505,85776.56,0.048,0.0525,0.0,0.0,0.95051,4e-05,6.64059,-65.6921
BTC-7OCT26-81500-P,81500.0,PUT,2026-10-07 08:00:00+00:00,41.36,0.0007,85776.77,0.0006,0.0008,3.6,2.3,-0.04949,4e-05,6.63975,-56.09038
BTC-7OCT26-82000-C,82000.0,CALL,2026-10-07 08:00:00+00:00,39.16,0.0448,85776.77,0.0425,0.0465,0.0,0.0,0.93752,5e-05,7.98072,-74.75559
BTC-7OCT26-82000-P,82000.0,PUT,2026-10-07 08:00:00+00:00,39.16,0.0008,85776.77,0.0007,0.001,6.4,0.1,-0.06248,5e-05,7.98072,-69.67492
BTC-7OCT26-82500-C,82500.0,CALL,2026-10-07 08:00:00+00:00,37.1,0.0392,85776.77,0.037,0.041,0.0,0.0,0.91946,6e-05,9.69936,-86.07039
BTC-7OCT26-82500-P,82500.0,PUT,2026-10-07 08:00:00+00:00,37.1,0.001,85776.77,0.0009,0.0011,7.6,3.8,-0.08054,6e-05,9.69936,-86.07039
BTC-7OCT26-83000-C,83000.0,CALL,2026-10-07 08:00:00+00:00,35.67,0.0338,85776.77,0.0315,0.0355,0.0,0.0,0.89117,8e-05,12.11266,-103.33553
BTC-7OCT26-83000-P,83000.0,PUT,2026-10-07 08:00:00+00:00,35.67,0.0014,85776.56,0.0013,0.0017,16.0,15.8,-0.10885,8e-05,12.11398,-103.34683
BTC-7OCT26-83500-C,83500.0,CALL,2026-10-07 08:00:00+00:00,34.53,0.0286,85776.77,0.0265,0.0305,0.0,0.0,0.85146,0.0001,15.03648,-124.17937
BTC-7OCT26-83500-P,83500.0,PUT,2026-10-07 08:00:00+00:00,34.53,0.002,85776.77,0.002,0.0023,0.5,0.4,-0.14854,0.0001,15.03648,-124.17937
BTC-7OCT26-84000-C,84000.0,CALL,2026-10-07 08:00:00+00:00,33.94,0.0237,85776.56,0.0215,0.0255,0.3,0.0,0.79607,0.00013,18.38586,-149.27341
BTC-7OCT26-84000-P,84000.0,PUT,2026-10-07 08:00:00+00:00,33.94,0.003,85776.77,0.003,0.0032,19.9,16.3,-0.2039,0.00013,18.38446,-149.262
BTC-7OCT26-84500-C,84500.0,CALL,2026-10-07 08:00:00+00:00,33.69,0.0192,85776.77,0.018,0.02,4.1,0.0,0.72606,0.00015,21.61789,-174.2164
BTC-7OCT26-84500-P,84500.0,PUT,2026-10-07 08:00:00+00:00,33.69,0.0044,85776.56,0.0042,0.0046,7.6,5.6,-0.27397,0.00015,21.61909,-174.22602
BTC-7OCT26-85000-C,85000.0,CALL,2026-10-07 08:00:00+00:00,33.59,0.0153,85776.77,0.0145,0.016,16.0,6.9,0.64454,0.00017,24.17735,-194.24226
BTC-7OCT26-85000-P,85000.0,PUT,2026-10-07 08:00:00+00:00,33.59,0.0062,85776.77,0.006,0.0065,1.5,1.5,-0.35546,0.00017,24.17735,-194.24226
BTC-7OCT26-85500-C,85500.0,CALL,2026-10-07 08:00:00+00:00,34.03,0.0119,85776.56,0.0115,0.0125,2.0,1.0,0.55499,0.00018,25.64965,-208.76527
BTC-7OCT26-85500-P,85500.0,PUT,2026-10-07 08:00:00+00:00,34.03,0.0087,85776.77,0.008,0.009,3.1,3.1,-0.44497,0.00018,25.64937,-208.76303
BTC-7OCT26-86000-C,86000.0,CALL,2026-10-07 08:00:00+00:00,34.56,0.0092,85776.77,0.0085,0.0095,22.9,4.8,0.46561,0.00018,25.79991,-213.28916
BTC-7OCT26-86000-P,86000.0,PUT,2026-10-07 08:00:00+00:00,34.56,0.0118,85776.56,0.011,0.012,15.0,15.0,-0.53442,0.00018,25.79964,-213.28691
BTC-7OCT26-86500-C,86500.0,CALL,2026-10-07 08:00:00+00:00,35.17,0.007,85776.77,0.0065,0.0075,18.3,17.3,0.38128,0.00017,24.74084,-208.16173
BTC-7OCT26-86500-P,86500.0,PUT,2026-10-07 08:00:00+00:00,35.17,0.0154,85776.56,0.0145,0.016,0.6,0.6,-0.61876,0.00017,24.74009,-208.15544
BTC-7OCT26-87000-C,87000.0,CALL,2026-10-07 08:00:00+00:00,36.1,0.0053,85776.56,0.005,0.0055,10.1,10.1,0.30689,0.00015,22.79949,-196.90189
BTC-7OCT26-87000-P,87000.0,PUT,2026-10-07 08:00:00+00:00,36.1,0.0196,85776.56,0.0185,0.02,0.0,0.0,-0.69311,0.00015,22.79949,-196.90189
BTC-7OCT26-87500-C,87500.0,CALL,2026-10-07 08:00:00+00:00,36.78,0.0039,85776.77,0.0036,0.0041,10.3,9.1,0.24175,0.00013,20.25933,-178.24551
BTC-7OCT26-87500-P,87500.0,PUT,2026-10-07 08:00:00+00:00,36.78,0.024,85776.56,0.0225,0.026,12.5,12.5,-0.75828,0.00013,20.25803,-178.23409
BTC-7OCT26-88000-C,88000.0,CALL,2026-10-07 08:00:00+00:00,37.74,0.0029,85776.77,0.0027,0.0031,26.4,18.0,0.18897,0.00011,17.55586,-158.48054
BTC-7OCT26-88000-P,88000.0,PUT,2026-10-07 08:00:00+00:00,37.74,0.0288,85776.56,0.027,0.031,0.0,0.0,-0.81106,0.00011,17.55449,-158.46817
BTC-7OCT26-88500-C,88500.0,CALL,2026-10-07 08:00:00+00:00,38.63,0.0022,85776.77,0.0019,0.0023,27.8,27.8,0.1458,9e-05,14.84975,-137.2039
BTC-7OCT26-88500-P,88500.0,PUT,2026-10-07 08:00:00+00:00,38.63,0.0339,85776.77,0.032,0.0365,0.0,0.0,-0.8542,9e-05,14.84975,-137.2039
BTC-7OCT26-89000-C,89000.0,CALL,2026-10-07 08:00:00+00:00,39.55,0.0016,85776.56,0.0014,0.0017,16.3,17.1,0.11168,7e-05,12.33866,-116.7243
BTC-7OCT26-89000-P,89000.0,PUT,2026-10-07 08:00:00+00:00,39.55,0.0392,85776.77,0.037,0.0415,0.0,0.0,-0.88831,7e-05,12.33992,-116.73621
BTC-7OCT26-90000-C,90000.0,CALL,2026-10-07 08:00:00+00:00,41.4,0.0009,85776.77,0.0007,0.001,56.2,56.1,0.06444,5e-05,8.17529,-74.55406
BTC-7OCT26-90000-P,90000.0,PUT,2026-10-07 08:00:00+00:00,41.4,0.0501,85776.77,0.048,0.0525,0.0,0.0,-0.93556,5e-05,8.17529,-80.95216
BTC-7OCT26-91000-C,91000.0,CALL,2026-10-07 08:00:00+00:00,43.02,0.0005,85776.77,0.0003,0.0006,0.5,0.3,0.03598,3e-05,5.13107,-39.4621
BTC-7OCT26-91000-P,91000.0,PUT,2026-10-07 08:00:00+00:00,43.02,0.0614,85777.87,0.0595,0.064,0.0,0.0,-0.96399,3e-05,5.13443,-52.83768
BTC-7OCT26-92000-C,92000.0,CALL,2026-10-07 08:00:00+00:00,44.75,0.0002,85777.87,0.0001,0.0004,0.3,0.2,0.02014,2e-05,3.16208,-21.241
BTC-7OCT26-92000-P,92000.0,PUT,2026-10-07 08:00:00+00:00,44.75,0.0728,85777.87,0.0705,0.0755,0.0,0.0,-0.97986,2e-05,3.16208,-33.85006
BTC-7OCT26-93000-C,93000.0,CALL,2026-10-07 08:00:00+00:00,49.3,0.0002,85777.87,0.0,0.0003,3.6,3.6,0.01584,1e-05,2.57662,-17.85971
BTC-7OCT26-93000-P,93000.0,PUT,2026-10-07 08:00:00+00:00,49.3,0.0844,85777.87,0.082,0.087,0.0,0.0,-0.98416,1e-05,2.57662,-30.38266
BTC-7OCT26-94000-C,94000.0,CALL,2026-10-07 08:00:00+00:00,52.46,0.0001,85777.87,0.0,0.0002,5.0,5.0,0.01113,1e-05,1.89957,-12.82372
BTC-7OCT26-94000-P,94000.0,PUT,2026-10-07 08:00:00+00:00,52.46,0.096,85776.77,0.0935,0.0985,0.0,0.0,-0.98888,1e-05,1.89815,-23.81909
BTC-8OCT26-75000-C,75000.0,CALL,2026-10-08 08:00:00+00:00,58.33,0.1259,85796.31,0.124,0.128,0.0,0.0,0.99434,0.0,1.27465,-12.02953
BTC-8OCT26-75000-P,75000.0,PUT,2026-10-08 08:00:00+00:00,58.33,0.0001,85796.31,0.0,0.0002,0.0,0.0,-0.00566,0.0,1.27465,-8.47833
BTC-8OCT26-76000-C,76000.0,CALL,2026-10-08 08:00:00+00:00,,,,,,0.0,,,,,
BTC-8OCT26-76000-P,76000.0,PUT,2026-10-08 08:00:00+00:00,,,,,,0.0,,,,,
BTC-8OCT26-77000-C,77000.0,CALL,2026-10-08 08:00:00+00:00,,,,,,0.0,,,,,
BTC-8OCT26-77000-P,77000.0,PUT,2026-10-08 08:00:00+00:00,,,,,,0.0,,,,,
BTC-8OCT26-78000-C,78000.0,CALL,2026-10-08 08:00:00+00:00,,,,,,0.0,,,,,
BTC-8OCT26-78000-P,78000.0,PUT,2026-10-08 08:00:00+00:00,,,,,,0.0,,,,,
BTC-8OCT26-79000-C,79000.0,CALL,2026-10-08 08:00:00+00:00,,,,,,0.0,,,,,
BTC-8OCT26-79000-P,79000.0,PUT,2026-10-08 08:00:00+00:00,,,,,,0.0,,,,,
BTC-8OCT26-80000-C,80000.0,CALL,2026-10-08 08:00:00+00:00,,,,,,0.0,,,,,
BTC-8OCT26-80000-P,80000.0,PUT,2026-10-08 08:00:00+00:00,41.86,0.0005,85796.31,0.0004,0.0007,0.0,0.0,-0.03321,2e-05,5.84289,-39.56868
BTC-8OCT26-81000-C,81000.0,CALL,2026-10-08 08:00:00+00:00,38.17,0.0566,85795.2,0.0545,0.0585,0.0,0.0,0.95105,3e-05,8.00574,-49.44362
BTC-8OCT26-81000-P,81000.0,PUT,2026-10-08 08:00:00+00:00,38.17,0.0007,85796.31,0.0006,0.0008,53.0,53.0,-0.04892,3e-05,8.00096,-49.41412
BTC-8OCT26-82000-C,82000.0,CALL,2026-10-08 08:00:00+00:00,,,,,,0.0,,,,,
BTC-8OCT26-82000-P,82000.0,PUT,2026-10-08 08:00:00+00:00,,,,,,0.0,,,,,
BTC-8OCT26-82500-C,82500.0,CALL,2026-10-08 08:00:00+00:00,,,,,,0.0,,,,,
BTC-8OCT26-82500-P,82500.0,PUT,2026-10-08 08:00:00+00:00,,,,,,0.0,,,,,
BTC-8OCT26-83000-C,83000.0,CALL,2026-10-08 08:00:00+00:00,,,,,,0.0,,,,,
BTC-8OCT26-83000-P,83000.0,PUT,2026-10-08 08:00:00+00:00,,,,,,0.0,,,,,
BTC-8OCT26-83500-C,83500.0,CALL,2026-10-08 08:00:00+00:00,,,,,,0.0,,,,,
BTC-8OCT26-83500-P,83500.0,PUT,2026-10-08 08:00:00+00:00,,,,,,0.0,,,,,
BTC-8OCT26-84000-C,84000.0,CALL,2026-10-08 08:00:00+00:00,33.32,0.0253,85796.31,0.0235,0.027,0.0,0.0,0.75971,0.00012,24.55763,-132.41135
BTC-8OCT26-84000-P,84000.0,PUT,2026-10-08 08:00:00+00:00,,,,,,0.0,,,,,
BTC-8OCT26-84500-C,84500.0,CALL,2026-10-08 08:00:00+00:00,,,,,,0.0,,,,,
BTC-8OCT26-84500-P,84500.0,PUT,2026-10-08 08:00:00+00:00,,,,,,0.0,,,,,
BTC-8OCT26-85000-C,85000.0,CALL,2026-10-08 08:00:00+00:00,,,,,,0.0,,,,,
BTC-8OCT26-85000-P,85000.0,PUT,2026-10-08 08:00:00+00:00,,,,,,0.0,,,,,
BTC-8OCT26-85500-C,85500.0,CALL,2026-10-08 08:00:00+00:00,,,,,,0.0,,,,,
BTC-8OCT26-85500-P,85500.0,PUT,2026-10-08 08:00:00+00:00,,,,,,0.0,,,,,
BTC-8OCT26-86000-C,86000.0,CALL,2026-10-08 08:00:00+00:00,,,,,,0.0,,,,,
BTC-8OCT26-86000-P,86000.0,PUT,2026-10-08 08:00:00+00:00,,,,,,0.0,,,,,
BTC-8OCT26-86500-C,86500.0,CALL,2026-10-08 08:00:00+00:00,34.93,0.0092,85795.2,0.0085,0.0095,0.4,0.4,0.40577,0.00014,30.61114,-173.02568
BTC-8OCT26-86500-P,86500.0,PUT,2026-10-08 08:00:00+00:00,,,,,,0.0,,,,,
BTC-8OCT26-87000-C,87000.0,CALL,2026-10-08 08:00:00+00:00,,,,,,0.0,,,,,
BTC-8OCT26-87000-P,87000.0,PUT,2026-10-08 08:00:00+00:00,,,,,,0.0,,,,,
BTC-8OCT26-87500-C,87500.0,CALL,2026-10-08 08:00:00+00:00,36.43,0.0058,85796.31,0.0055,0.006,0.1,0.1,0.2844,0.00012,26.77463,-157.81867
BTC-8OCT26-87500-P,87500.0,PUT,2026-10-08 08:00:00+00:00,,,,,,0.0,,,,,
BTC-8OCT26-88000-C,88000.0,CALL,2026-10-08 08:00:00+00:00,,,,,,0.0,,,,,
BTC-8OCT26-88000-P,88000.0,PUT,2026-10-08 08:00:00+00:00,,,,,,0.0,,,,,
BTC-8OCT26-88500-C,88500.0,CALL,2026-10-08 08:00:00+00:00,,,,,,0.0,,,,,
BTC-8OCT26-88500-P,88500.0,PUT,2026-10-08 08:00:00+00:00,,,,,,0.0,,,,,
BTC-8OCT26-89000-C,89000.0,CALL,2026-10-08 08:00:00+00:00,,,,,,0.0,,,,,
BTC-8OCT26-89000-P,89000.0,PUT,2026-10-08 08:00:00+00:00,,,,,,0.0,,,,,
BTC-8OCT26-89500-C,89500.0,CALL,2026-10-08 08:00:00+00:00,,,,,,0.0,,,,,
BTC-8OCT26-89500-P,89500.0,PUT,2026-10-08 08:00:00+00:00,39.75,0.0455,85796.31,0.0435,0.048,0.0,0.0,-0.87225,7e-05,16.49887,-106.12015
BTC-8OCT26-90000-C,90000.0,CALL,2026-10-08 08:00:00+00:00,,,,,,0.0,,,,,
BTC-8OCT26-90000-P,90000.0,PUT,2026-10-08 08:00:00+00:00,40.64,0.0508,85796.31,0.049,0.0535,0.0,0.0,-0.89626,6e-05,14.23006,-93.56615
BTC-8OCT26-91000-C,91000.0,CALL,2026-10-08 08:00:00+00:00,,,,,,0.0,,,,,
BTC-8OCT26-91000-P,91000.0,PUT,2026-10-08 08:00:00+00:00,,,,,,0.0,,,,,
BTC-8OCT26-92000-C,92000.0,CALL,2026-10-08 08:00:00+00:00,,,,,,0.0,,,,,
BTC-8OCT26-92000-P,92000.0,PUT,2026-10-08 08:00:00+00:00,,,,,,0.0,,,,,
BTC-8OCT26-93000-C,93000.0,CALL,2026-10-08 08:00:00+00:00,,,,,,0.0,,,,,
BTC-8OCT26-93000-P,93000.0,PUT,2026-10-08 08:00:00+00:00,,,,,,0.0,,,,,
BTC-8OCT26-94000-C,94000.0,CALL,2026-10-08 08:00:00+00:00,,,,,,0.0,,,,,
BTC-8OCT26-94000-P,94000.0,PUT,2026-10-08 08:00:00+00:00,,,,,,0.0,,,,,
BTC-8OCT26-95000-C,95000.0,CALL,2026-10-08 08:00:00+00:00,,,,,,0.0,,,,,
BTC-8OCT26-95000-P,95000.0,PUT,2026-10-08 08:00:00+00:00,,,,,,0.0,,,,,
BTC-8OCT26-96000-C,96000.0,CALL,2026-10-08 08:00:00+00:00,50.98,0.0001,85796.31,0.0,0.0002,0.0,0.0,0.00884,1e-05,1.8892,-11.72146
BTC-8OCT26-96000-P,96000.0,PUT,2026-10-08 08:00:00+00:00,,,,,,0.0,,,,,
